customer_id,order_executed_count,order_placed_count,order_returned_count,order_size_avg,order_size_executed_sum,order_size_placed_sum,order_size_returned_sum,order_revenue_sum,order_revenue_avg,order_revenue_executed_sum,order_revenue_placed_sum,order_revenue_returned_sum,order_profit_sum,order_profit_avg,order_profit_executed_sum,order_profit_placed_sum,order_profit_returned_sum,discount_active,discount_amount_avg,last_address,top_address,payment_source_top,delivery_fee_avg,order_w_delivery_fee,packaging_fee_avg,order_w_packaging_fee,dt
c5471942-4291-4c63-9c43-40baf812c47e,1,0,1,13.5,12.0,0.0,15.0,116.88,58.44,32.33,0.0,84.55,24.544800000000002,12.272400000000001,6.7893,0.0,17.7555,1.0,1.055,6509.0,3621.0,Swedbank,0.495,1,2.99,2,20190102
ded50c08-aff8-479f-9493-136f1f19641f,2,0,0,33.0,66.0,0.0,0.0,844.9000000000001,422.45000000000005,844.9000000000001,0.0,0.0,177.429,88.7145,177.429,0.0,0.0,1.0,8.584999999999999,64271.0,86260.0,SEB,0.495,1,1.495,1,20190105
96ca1473-d946-4928-b1f5-bb1e6a131351,2,0,0,6.0,12.0,0.0,0.0,102.30000000000001,51.150000000000006,102.30000000000001,0.0,0.0,21.483,10.7415,21.483,0.0,0.0,1.0,2.7800000000000002,67225.0,53529.0,Swedbank,0.495,1,2.99,2,20190112
ded50c08-aff8-479f-9493-136f1f19641f,2,0,0,69.5,139.0,0.0,0.0,1766.45,883.225,1766.45,0.0,0.0,370.9545,185.47725,370.9545,0.0,0.0,1.0,7.295,88223.0,43713.0,CashOnDelivery,0.0,0,0.0,0,20190107
f8d05766-79f3-47bb-87f7-ea282886da48,1,0,0,2.0,2.0,0.0,0.0,12.45,12.45,12.45,0.0,0.0,2.6145,2.6145,2.6145,0.0,0.0,1.0,0.54,48573.0,48573.0,Swedbank,0.99,1,2.99,1,20190111
e86c9306-50c1-4bc7-9410-93edb788480f,1,2,0,15.0,15.0,30.0,0.0,236.88,78.96,78.96,157.92,0.0,49.744800000000005,16.5816,16.5816,33.1632,0.0,1.0,2.55,65583.0,65583.0,Luminor,0.9899999999999999,3,1.9933333333333334,2,20190114
99820d4d-8fb8-4e1b-b944-31e9e85dc3c5,3,0,0,10.0,30.0,0.0,0.0,145.29000000000002,48.43000000000001,145.29000000000002,0.0,0.0,30.510900000000003,10.170300000000001,30.510900000000003,0.0,0.0,1.0,6.293333333333333,27099.0,73363.0,Luminor,0.66,2,2.99,3,20190115
f8d05766-79f3-47bb-87f7-ea282886da48,0,1,1,3.0,0.0,4.0,2.0,38.14,19.07,0.0,25.69,12.45,6.8545,3.42725,0.0,4.24,2.6145,1.0,0.54,48573.0,48573.0,Swedbank,0.99,2,1.495,1,20190125
